dataset,n_pairs,positive_pairs,unique_patients,current_age_mean,current_age_sd,female_fraction,ap_fraction,pa_fraction,unknown_view_fraction
all_accessible_serial_pairs,26251,6065,10704,63.119004990286086,16.849460331513626,0.4120223991466992,0.9536017675517124,0.0463601386613843,3.8093786903356064e-05
subtrain_pairs,18279,4255,7492,63.16828054051097,16.841966691977877,0.4087203895180261,0.9539909185404016,0.045954373871656,5.470758794244762e-05
internal_tuning_pairs,2631,611,1071,63.304446978335235,17.127159606497692,0.4420372481946028,0.9536297985556822,0.0463702014443177,0.0
held_out_test_pairs,5341,1199,2141,62.859015165699304,16.737233596628865,0.4085377270174125,0.9522561318105224,0.0477438681894776,0.0
