{
  "report_label_cohort": {
    "n": 5341,
    "positive_n": 1199,
    "checks": [
      {
        "model": "current_only_pixels",
        "observed": {
          "auc": 0.5838987825441209,
          "ap": 0.28433660780953524,
          "brier": 0.24570806174327148,
          "tp": 477,
          "fp": 1184,
          "tn": 2958,
          "fn": 722
        },
        "expected": {
          "auc": 0.5838987825441209,
          "ap": 0.2843366078095352,
          "brier": 0.2457080617432714,
          "tp": 477,
          "fp": 1184,
          "tn": 2958,
          "fn": 722
        },
        "absolute_differences": {
          "auc": 0.0,
          "ap": 5.551115123125783e-17,
          "brier": 8.326672684688674e-17
        },
        "counts_match": true,
        "continuous_metrics_match": true
      },
      {
        "model": "difference_only_pixels",
        "observed": {
          "auc": 0.6541909421540323,
          "ap": 0.34819223122885856,
          "brier": 0.23102376647262488,
          "tp": 852,
          "fp": 2043,
          "tn": 2099,
          "fn": 347
        },
        "expected": {
          "auc": 0.6541909421540323,
          "ap": 0.3481922312288585,
          "brier": 0.2310237664726248,
          "tp": 852,
          "fp": 2043,
          "tn": 2099,
          "fn": 347
        },
        "absolute_differences": {
          "auc": 0.0,
          "ap": 5.551115123125783e-17,
          "brier": 8.326672684688674e-17
        },
        "counts_match": true,
        "continuous_metrics_match": true
      },
      {
        "model": "prior_current_temporal_pixels",
        "observed": {
          "auc": 0.6596797830479206,
          "ap": 0.34884042443445823,
          "brier": 0.23007282835530588,
          "tp": 745,
          "fp": 1608,
          "tn": 2534,
          "fn": 454
        },
        "expected": {
          "auc": 0.6596797830479206,
          "ap": 0.3488404244344582,
          "brier": 0.2300728283553058,
          "tp": 745,
          "fp": 1608,
          "tn": 2534,
          "fn": 454
        },
        "absolute_differences": {
          "auc": 0.0,
          "ap": 5.551115123125783e-17,
          "brier": 8.326672684688674e-17
        },
        "counts_match": true,
        "continuous_metrics_match": true
      }
    ]
  },
  "expert_reference_subset": {
    "n": 500,
    "positive_n": 150,
    "report_positive_n": 112,
    "report_vs_expert_crosstab": {
      "report_0_expert_0": 315,
      "report_0_expert_1": 73,
      "report_1_expert_0": 35,
      "report_1_expert_1": 77
    },
    "checks": [
      {
        "model": "current_only_pixels",
        "observed": {
          "auc": 0.6433904761904763,
          "ap": 0.4335276921816238,
          "brier": 0.23308725068906805,
          "tp": 56,
          "fp": 84,
          "tn": 266,
          "fn": 94
        },
        "expected": {
          "auc": 0.6433904761904763,
          "ap": 0.4335276921816238,
          "brier": 0.233087250689068,
          "tp": 56,
          "fp": 84,
          "tn": 266,
          "fn": 94
        },
        "absolute_differences": {
          "auc": 0.0,
          "ap": 0.0,
          "brier": 5.551115123125783e-17
        },
        "counts_match": true,
        "continuous_metrics_match": true
      },
      {
        "model": "difference_only_pixels",
        "observed": {
          "auc": 0.767847619047619,
          "ap": 0.6153879781200234,
          "brier": 0.20406945238204,
          "tp": 118,
          "fp": 161,
          "tn": 189,
          "fn": 32
        },
        "expected": {
          "auc": 0.767847619047619,
          "ap": 0.6153879781200234,
          "brier": 0.20406945238204,
          "tp": 118,
          "fp": 161,
          "tn": 189,
          "fn": 32
        },
        "absolute_differences": {
          "auc": 0.0,
          "ap": 0.0,
          "brier": 0.0
        },
        "counts_match": true,
        "continuous_metrics_match": true
      },
      {
        "model": "prior_current_temporal_pixels",
        "observed": {
          "auc": 0.8085333333333333,
          "ap": 0.6261210924278133,
          "brier": 0.19363620180110439,
          "tp": 111,
          "fp": 105,
          "tn": 245,
          "fn": 39
        },
        "expected": {
          "auc": 0.8085333333333333,
          "ap": 0.6261210924278133,
          "brier": 0.1936362018011043,
          "tp": 111,
          "fp": 105,
          "tn": 245,
          "fn": 39
        },
        "absolute_differences": {
          "auc": 0.0,
          "ap": 0.0,
          "brier": 8.326672684688674e-17
        },
        "counts_match": true,
        "continuous_metrics_match": true
      }
    ]
  },
  "all_checks_passed": true
}